{
  "29": {
    "as_list": [
      [
        "0.00 < Savings_account_bonds_A61 <= 1.00",
        0.1583333707819591
      ],
      [
        "Duration_months > 0.44",
        0.03316315171311806
      ],
      [
        "Other_installment_plans_A141 <= 0.00",
        -0.032533395043677756
      ],
      [
        "Status_checking_account_A11 <= 0.00",
        -0.03130201683723275
      ],
      [
        "Status_checking_account_A14 <= 0.00",
        0.02974488734172761
      ],
      [
        "0.29 < Installment_rate <= 0.95",
        0.018965726347167543
      ],
      [
        "Property_A124 > 0.00",
        0.014634858376466303
      ],
      [
        "0.98 < Personal_status_sex_A93 <= 1.00",
        -0.013973190562639817
      ],
      [
        "Credit_history_A34 <= 0.00",
        0.0138682095799225
      ],
      [
        "Credit_amount > 0.30",
        -0.01370760488070968
      ]
    ],
    "pred_prob": 0.7055749593516734,
    "true": 1
  },
  "74": {
    "as_list": [
      [
        "0.00 < Savings_account_bonds_A61 <= 1.00",
        0.15666146533511438
      ],
      [
        "Duration_months > 0.44",
        0.0349616471049301
      ],
      [
        "0.00 < Status_checking_account_A11 <= 1.00",
        0.03482462362974367
      ],
      [
        "Other_installment_plans_A141 <= 0.00",
        -0.033288959218428005
      ],
      [
        "Status_checking_account_A14 <= 0.00",
        0.028583425692792905
      ],
      [
        "0.29 < Installment_rate <= 0.95",
        0.01938109766741067
      ],
      [
        "Purpose_A46 <= 0.00",
        -0.017873889920445578
      ],
      [
        "Status_checking_account_A12 <= 0.00",
        -0.01756310347410302
      ],
      [
        "Credit_history_A34 <= 0.00",
        0.016995340945672115
      ],
      [
        "Property_A124 > 0.00",
        0.010760675039173532
      ]
    ],
    "pred_prob": 0.6897629231814726,
    "true": 1
  }
}